matricula;nome;cpf_sintetico;data_nascimento;idade;sexo;email_corporativo;unidade;uf;pais;area;departamento;cargo;nivel;data_admissao;tempo_empresa_anos;tipo_contrato;status;jornada_horas_semanais;horas_extras_mes;salario_base;bonus_percentual;plano_saude;vale_transporte;vale_alimentacao;ultima_avaliacao;desempenho;potencial;risco_de_saida;escolaridade;curso_ultimo;gestor
VAL-0001;Eduardo Freitas Martins;281.725.424-06;24/06/2000;26;M;eduardo-freitas-martins@vale.com;Complexo Serra dos Carajas - Parauapebas;PA;Brasil;Mineracao de Manganes;Producao;Operador de Maquinas Moveis;Operacional;23/01/2013;13.4;CLT;Ativo;36;1.9;2301.14;9;Basico;Sim;Sim;3;Atende;Baixo;Baixo;Ensino superior completo;;VAL-0055
VAL-0002;Renato Mendes Borges;715.853.910-00;02/11/1999;26;M;renato-mendes-borges@vale.com;Terminal Maritimo de Ponta de Ubu - Anchieta;ES;Brasil;Portos e Navegacao;Logistica;Operador de Maquinas Moveis;Operacional;31/03/2005;21.2;CLT;Ativo;36;23.3;3035.21;9;Basico;Sim;Nao;3;Atende;Baixo;Medio;;;VAL-0020
VAL-0003;Lucas Costa Freitas;156.544.651-01;06/12/1985;40;M;lucas-costa-freitas@vale.com;Complexo Minerador de Itabira - Itabira;MG;Brasil;Recursos Humanos;Corporativo;Assistente Administrativo;Operacional;23/03/2005;21.3;CLT;Ativo;44;6.7;2413.49;18;Intermediario;Nao;Sim;4;Supera;Medio;Medio;Ensino medio completo;;VAL-0034
VAL-0004;Leandro Pinto Barbosa;726.967.465-02;18/09/1996;29;M;leandro-pinto-barbosa@vale.com;Vale Ferrovia - Belo Horizonte;MG;Brasil;Portos e Navegacao;Logistica;Analista de Processos;Analista;10/06/2023;3.1;CLT;Ativo;44;18.5;6051.96;17;Intermediario;Sim;Sim;4;Supera;Medio;Baixo;Ensino medio completo;;VAL-0020
VAL-0005;Emerson Cunha Ramos;250.251.793-02;02/05/1987;39;M;emerson-cunha-ramos@vale.com;Terminal Maritimo de Ponta de Ubu - Anchieta;ES;Brasil;Suprimentos e Compras;Corporativo;Assistente Administrativo;Operacional;10/09/2007;18.8;CLT;Ativo;44;0;2799.4;15;Nao;Sim;Sim;4;Supera;Medio;Medio;Ensino medio completo;;VAL-0034
VAL-0006;Murilo Martins Costa;196.523.030-06;19/09/1992;33;M;murilo-martins-costa@vale.com;Vale Base Metals - Sudbury;ON;Canada;Mineracao de Nickel;Producao;Operador de Mineracao;Operacional;19/12/2008;17.5;CLT;Ativo;36;15.5;3187.31;15;Intermediario;Sim;Sim;4;Supera;Alto;Baixo;Ensino medio completo;;VAL-0055
VAL-0007;Tatiana Lima Sousa;507.754.997-02;04/03/1980;46;F;tatiana-lima-sousa@vale.com;Vale Base Metals - Sudbury;ON;Canada;Tecnologia da Informacao;Corporativo;Especialista em TI;Especialista;02/08/2021;4.9;CLT;Ativo;44;0.5;11241.54;15;Superior;Sim;Sim;4;Supera;Alto;Baixo;Ensino medio completo;;VAL-0021
VAL-0008;Marcos Pereira Vieira;355.500.645-02;08/09/1982;43;M;marcos-pereira-vieira@vale.com;Complexo Minerador de Tubarao - Caete;MG;Brasil;Mineracao de Nickel;Producao;Operador de Mineracao;Operacional;10/12/2011;14.6;CLT;Ativo;44;16.7;2601.38;9;Nao;Sim;Sim;3;Atende;Medio;Baixo;Ensino superior completo;;VAL-0075
VAL-0009;Natalia Pinto Freitas;688.698.396-00;10/01/1978;48;F;natalia-pinto-freitas@vale.com;Complexo Minerador de Ponta de Ubu - Anchieta;ES;Brasil;Logistica e Ferrovia;Logistica;Tecnico de Manutencao;Tecnico;17/01/2005;21.4;CLT;Ativo;44;13.4;19567.66;12;Superior;Sim;Sim;3;Atende;Baixo;Medio;Pos-graduacao;;VAL-0070
VAL-0010;Juliana Rocha Borges;914.541.781-00;13/07/1983;42;F;juliana-rocha-borges@vale.com;Vale Base Metals - Voiseys Bay;NL;Canada;Logistica e Ferrovia;Logistica;Tecnico de Manutencao;Tecnico;09/12/2012;13.6;CLT;Ativo;44;1.2;5266.58;11;Intermediario;Sim;Nao;3;Atende;Baixo;Baixo;Ensino superior completo;;VAL-0070
VAL-0011;Lucas Moreira Teixeira;600.421.100-04;26/11/1994;31;M;lucas-moreira-teixeira@vale.com;Vale Base Metals - Voiseys Bay;NL;Canada;Seguranca do Trabalho;Sustentabilidade;Especialista em Seguranca;Especialista;11/04/2006;20.2;Estagio;Ativo;30;0.2;11749.91;12;Nao;Nao;Nao;3;Atende;Baixo;Medio;Ensino medio completo;;VAL-0012
VAL-0012;Felipe Cardoso Mendes;558.113.258-00;13/03/1988;38;M;felipe-cardoso-mendes@vale.com;Vale Maraba - Maraba;PA;Brasil;Seguranca do Trabalho;Sustentabilidade;Coordenador de Projetos;Coordenador;04/07/2014;12.0;CLT;Ativo;44;10.5;14926.51;15;Superior;Sim;Sim;4;Supera;Medio;Baixo;Ensino superior completo;MBA;VAL-0059
VAL-0013;Murilo Sousa Cunha;405.180.080-00;27/03/1983;43;M;murilo-sousa-cunha@vale.com;Vale Niquel - Moju;PA;Brasil;Mineracao de Ferro;Producao;Tecnico de Mecanica;Operacional;08/09/2021;4.8;CLT;Ativo;36;24.5;3797.67;18;Basico;Sim;Sim;4;Supera;Alto;Baixo;;;VAL-0095
VAL-0014;Emerson Lima Pinto;949.899.629-05;16/07/1973;52;M;emerson-lima-pinto@vale.com;Complexo Serra dos Carajas - Parauapebas;PA;Brasil;Mineracao de Cobre;Producao;Operador de Britagem;Operacional;20/09/2005;20.8;Estagio;Ativo;36;22.8;3288.19;22;Nao;Nao;Nao;5;Excepcional;Medio;Medio;Ensino superior completo;;VAL-0075
VAL-0015;Ulisses Costa Teixeira;473.769.079-09;24/03/1968;58;M;ulisses-costa-teixeira@vale.com;Vale Ferrovia - Belo Horizonte;MG;Brasil;Mineracao de Ferro;Producao;Operador de Britagem;Operacional;30/12/2007;18.5;CLT;Ativo;44;3.4;3866.93;17;Superior;Sim;Sim;4;Supera;Alto;Medio;Pos-graduacao;;VAL-0095
VAL-0016;Felipe Moreira Dias;560.539.336-03;06/04/1978;48;M;felipe-moreira-dias@vale.com;Vale Manganes - Corumba;MS;Brasil;Suprimentos e Compras;Corporativo;Assistente Administrativo;Operacional;21/07/2021;4.9;CLT;Ativo;44;5.8;2351.67;24;Intermediario;Sim;Sim;5;Excepcional;Medio;Baixo;Ensino superior completo;;VAL-0034
VAL-0017;Ulisses Carvalho Vieira;850.344.432-01;21/01/1973;53;M;ulisses-carvalho-vieira@vale.com;Vale Maraba - Maraba;PA;Brasil;Logistica e Ferrovia;Logistica;Tecnico de Manutencao;Tecnico;16/07/2004;22.0;CLT;Ativo;44;0;5295.99;17;Superior;Sim;Sim;4;Supera;Alto;Medio;Ensino medio completo;;VAL-0070
VAL-0018;Ulisses Barbosa Campos;899.821.978-01;01/10/1967;58;M;ulisses-barbosa-campos@vale.com;Vale Base Metals - Sudbury;ON;Canada;Mineracao de Nickel;Producao;Tecnico em Automacao;Tecnico;09/02/2012;14.4;Estagio;Ativo;30;4.5;4973.0;25;Nao;Nao;Nao;5;Excepcional;Medio;Baixo;Ensino superior completo;;VAL-0075
VAL-0019;Murilo Campos Borges;995.262.137-00;13/01/1998;28;M;murilo-campos-borges@vale.com;Vale Base Metals - Voiseys Bay;NL;Canada;Ambiente e Sustentabilidade;Sustentabilidade;Coordenador de Projetos;Coordenador;13/08/2008;17.9;CLT;Ativo;44;7.6;12680.18;9;Superior;Sim;Sim;3;Atende;Medio;Baixo;Ensino medio completo;Pos-graduacao em Gestao;VAL-0059
VAL-0020;Igor Nunes Lima;320.646.427-08;20/06/1992;34;M;igor-nunes-lima@vale.com;Complexo Serra dos Carajas - Parauapebas;PA;Brasil;Portos e Navegacao;Logistica;Coordenador de Logistica;Coordenador;26/05/2019;7.1;CLT;Ativo;44;3.6;12354.24;9;Basico;Nao;Sim;3;Atende;Medio;Baixo;;;VAL-0070
VAL-0021;Henrique Vieira Lima;628.995.482-00;07/06/2001;25;M;henrique-vieira-lima@vale.com;Vale Maraba - Maraba;PA;Brasil;Tecnologia da Informacao;Corporativo;Coordenador de Projetos;Coordenador;16/08/2015;10.9;CLT;Ativo;44;7.6;13938.18;9;Superior;Nao;Sim;3;Atende;Medio;Baixo;Ensino medio completo;;VAL-0070
VAL-0022;Rafaela Ramos Mendes;245.490.565-01;15/02/1995;31;F;rafaela-ramos-mendes@vale.com;Complexo Minerador de Sossego - Paraueba;PA;Brasil;Mineracao de Manganes;Producao;Analista de Processos;Analista;22/07/2005;20.9;CLT;Ativo;44;7.1;6260.28;6;Superior;Nao;Sim;2;Abaixo do esperado;Baixo;Medio;Ensino medio completo;;VAL-0055
VAL-0023;Beatriz Dias Silva;494.673.986-07;19/08/1976;49;F;beatriz-dias-silva@vale.com;Complexo de Mineracao de Carajas - Parauapebas;PA;Brasil;Projetos e Engenharia;Engenharia;Especialista em Mineracao;Especialista;20/07/2016;9.9;CLT;Ativo;44;3.5;9194.61;9;Intermediario;Sim;Sim;3;Atende;Baixo;Baixo;Ensino superior completo;;VAL-0086
VAL-0024;Leandro Pereira Costa;020.201.834-00;23/09/1990;35;M;leandro-pereira-costa@vale.com;Terminal Maritimo de Ponta de Ubu - Anchieta;ES;Brasil;Logistica e Ferrovia;Logistica;Analista de Processos;Analista;28/02/2005;21.3;CLT;Ativo;44;23.7;7096.14;22;Superior;Sim;Sim;5;Excepcional;Alto;Medio;Ensino medio completo;;VAL-0070
VAL-0025;Sergio Carvalho Santos;696.435.986-00;06/01/1980;46;M;sergio-carvalho-santos@vale.com;Complexo Minerador de Tubarao - Caete;MG;Brasil;Mineracao de Cobre;Producao;Operador de Britagem;Operacional;23/11/2015;10.6;CLT;Ativo;36;8.5;3696.92;11;Intermediario;Nao;Sim;3;Atende;Baixo;Baixo;Ensino medio completo;;VAL-0075
VAL-0026;Renata Cardoso Araujo;360.457.078-02;03/06/1995;31;F;renata-cardoso-araujo@vale.com;Vale Maraba - Maraba;PA;Brasil;Mineracao de Manganes;Producao;Tecnico de Eletrica;Operacional;18/01/2014;12.4;CLT;Ativo;44;12.8;3724.34;4;Nao;Nao;Sim;2;Abaixo do esperado;Baixo;Medio;Ensino superior completo;;VAL-0055
VAL-0027;Felipe Freitas Freitas;391.368.890-03;26/07/1978;47;M;felipe-freitas-freitas@vale.com;Complexo Minerador de Sossego - Paraueba;PA;Brasil;Mineracao de Ferro;Producao;Tecnico de Mecanica;Operacional;10/05/2015;11.1;CLT;Ativo;36;9.3;3995.31;9;Intermediario;Nao;Sim;3;Atende;Baixo;Baixo;Ensino superior completo;;VAL-0095
VAL-0028;Eduardo Ramos Andrade;742.042.329-06;21/05/1993;33;M;eduardo-ramos-andrade@vale.com;Complexo Minerador de Ponta de Ubu - Anchieta;ES;Brasil;Mineracao de Cobre;Producao;Operador de Britagem;Operacional;01/07/2006;20.0;CLT;Ativo;36;5.2;3926.81;22;Nao;Sim;Sim;5;Excepcional;Alto;Medio;Ensino fundamental incompleto;;VAL-0075
VAL-0029;Emerson Martins Oliveira;882.104.842-03;14/11/1969;56;M;emerson-martins-oliveira@vale.com;Complexo Minerador de Itabira - Itabira;MG;Brasil;Mineracao de Manganes;Producao;Tecnico de Eletrica;Operacional;18/05/2005;21.1;CLT;Ativo;44;6.0;3146.43;9;Superior;Sim;Sim;3;Atende;Baixo;Medio;Ensino superior completo;;VAL-0055
VAL-0030;Andre Cunha Carvalho;800.904.818-00;20/09/1991;34;M;andre-cunha-carvalho@vale.com;Complexo de Mineracao de Carajas - Parauapebas;PA;Brasil;Logistica e Ferrovia;Logistica;Operador de Maquinas Moveis;Operacional;04/01/2007;19.5;CLT;Ativo;44;5.7;2406.51;7;Superior;Nao;Sim;2;Abaixo do esperado;Baixo;Medio;Ensino superior completo;;VAL-0070
VAL-0031;Marcos Araujo Santos;905.106.201-01;24/02/1972;54;M;marcos-araujo-santos@vale.com;Vale Manganes - Corumba;MS;Brasil;Logistica e Ferrovia;Logistica;Operador de Maquinas Moveis;Operacional;09/07/2008;18.0;Terceirizado;Ativo;36;26.7;2462.95;22;Nao;Nao;Nao;5;Excepcional;Medio;Baixo;Ensino superior completo;;VAL-0070
VAL-0032;Eduardo Araujo Lima;276.390.416-00;13/10/1974;51;M;eduardo-araujo-lima@vale.com;Terminal Maritimo de Ponta de Ubu - Anchieta;ES;Brasil;Financeiro;Corporativo;Assistente Administrativo;Operacional;01/08/2017;8.9;CLT;Ativo;44;3.8;2333.08;15;Nao;Sim;Sim;4;Supera;Medio;Baixo;Ensino superior completo;;VAL-0021
VAL-0033;Larissa Moreira Cardoso;354.911.702-06;04/02/2002;24;F;larissa-moreira-cardoso@vale.com;Complexo de Mineracao de Carajas - Parauapebas;PA;Brasil;Mineracao de Nickel;Producao;Especialista em Mineracao;Especialista;27/10/2013;12.7;CLT;Ativo;44;16.8;11138.81;25;Superior;Sim;Sim;5;Excepcional;Medio;Baixo;Ensino superior completo;;VAL-0055
VAL-0034;Daniel Nunes Azevedo;817.289.392-07;04/12/1981;44;M;daniel-nunes-azevedo@vale.com;Vale Niquel - Moju;PA;Brasil;Suprimentos e Compras;Corporativo;Coordenador de Projetos;Coordenador;27/11/2010;15.6;CLT;Ativo;44;0;14927.01;15;Superior;Nao;Nao;4;Supera;Alto;Baixo;Ensino medio completo;Pos-graduacao em Gestao;VAL-0095
VAL-0035;Sabrina Mendes Andrade;827.878.127-09;10/04/1984;42;F;sabrina-mendes-andrade@vale.com;Vale Base Metals - Sudbury;ON;Canada;Mineracao de Ferro;Producao;Tecnico de Manutencao;Tecnico;04/03/2012;14.3;CLT;Ativo;44;11.8;5521.26;9;Basico;Sim;Nao;3;Atende;Medio;Baixo;Ensino fundamental incompleto;;VAL-0095
VAL-0036;Bruno Batista Macedo;978.134.514-02;12/04/2000;26;M;bruno-batista-macedo@vale.com;Complexo Minerador de Itabira - Itabira;MG;Brasil;Financeiro;Corporativo;Assistente Administrativo;Operacional;01/12/2018;7.6;CLT;Ativo;44;0;3126.6;2;Nao;Sim;Sim;1;Insatisfatorio;Baixo;Medio;Ensino superior completo;;VAL-0034
VAL-0037;Emerson Andrade Carvalho;197.352.050-07;12/04/1975;51;M;emerson-andrade-carvalho@vale.com;Complexo Minerador de Tubarao - Caete;MG;Brasil;Mineracao de Nickel;Producao;Operador de Mineracao;Operacional;18/10/2005;20.7;CLT;Ativo;44;0.8;2746.91;9;Nao;Sim;Sim;3;Atende;Medio;Medio;Ensino superior completo;;VAL-0055
VAL-0038;Felipe Carvalho Santos;155.263.797-03;02/01/1986;40;M;felipe-carvalho-santos@vale.com;Complexo Minerador de Itabira - Itabira;MG;Brasil;Portos e Navegacao;Logistica;Operador de Maquinas Moveis;Operacional;07/02/2023;3.4;CLT;Ativo;44;1.1;2868.16;11;Nao;Sim;Sim;3;Atende;Baixo;Baixo;Ensino medio completo;;VAL-0020
VAL-0039;Ulisses Silva Freitas;305.895.310-01;27/06/1994;32;M;ulisses-silva-freitas@vale.com;Complexo de Mineracao de Carajas - Parauapebas;PA;Brasil;Mineracao de Ferro;Producao;Tecnico de Mecanica;Operacional;17/10/2007;18.7;Terceirizado;Ativo;36;20.9;2887.64;15;Nao;Nao;Nao;4;Supera;Alto;Medio;Ensino medio completo;;VAL-0095
VAL-0040;Patricia Azevedo Freitas;964.384.133-00;04/03/1979;47;F;patricia-azevedo-freitas@vale.com;Terminal Maritimo de Ponta de Ubu - Anchieta;ES;Brasil;Portos e Navegacao;Logistica;Operador de Maquinas Moveis;Operacional;04/03/2005;21.3;CLT;Ativo;36;25.9;3381.71;4;Intermediario;Sim;Sim;2;Abaixo do esperado;Baixo;Medio;Ensino medio completo;;VAL-0020
VAL-0041;Thiago Pereira Correia;694.007.045-03;08/10/1980;45;M;thiago-pereira-correia@vale.com;Vale Base Metals - Sudbury;ON;Canada;Mineracao de Ferro;Producao;Operador de Mineracao;Operacional;09/04/2008;18.2;CLT;Afastado sem vinculo;44;0;3561.26;17;Nao;Nao;Sim;4;Supera;Alto;Medio;Ensino medio completo;;VAL-0095
VAL-0042;Gustavo Pinto Martins;002.810.091-02;15/11/2000;25;M;gustavo-pinto-martins@vale.com;Complexo Minerador de Sossego - Paraueba;PA;Brasil;Mineracao de Ferro;Producao;Operador de Britagem;Operacional;30/09/2022;3.7;Estagio;Ativo;36;1.4;2989.63;22;Nao;Nao;Nao;5;Excepcional;Alto;Baixo;Pos-graduacao;;VAL-0095
VAL-0043;Thiago Costa Azevedo;394.682.876-09;09/10/2000;25;M;thiago-costa-azevedo@vale.com;Vale Maraba - Maraba;PA;Brasil;Suprimentos e Compras;Corporativo;Assistente Administrativo;Operacional;01/12/2008;17.6;CLT;Ativo;44;7.1;2660.71;11;Superior;Sim;Sim;3;Atende;Baixo;Baixo;Pos-graduacao;;VAL-0034
VAL-0044;Lucas Cardoso Lima;312.157.342-05;08/11/1987;38;M;lucas-cardoso-lima@vale.com;Complexo Serra dos Carajas - Parauapebas;PA;Brasil;Logistica e Ferrovia;Logistica;Operador de Maquinas Moveis;Operacional;08/03/2009;17.3;CLT;Ativo;44;7.2;2877.59;18;Basico;Sim;Sim;4;Supera;Medio;Baixo;Ensino medio completo;;VAL-0070
VAL-0045;Emerson Martins Pinto;427.765.541-03;20/11/1979;46;M;emerson-martins-pinto@vale.com;Complexo Minerador de Tubarao - Caete;MG;Brasil;Logistica e Ferrovia;Logistica;Operador de Maquinas Moveis;Operacional;05/11/2023;2.7;CLT;Afastado por afastamento medico;36;3.1;3171.69;9;Superior;Nao;Sim;3;Atende;Medio;Baixo;Ensino superior completo;;VAL-0070
VAL-0046;Alexandre Oliveira Sousa;447.691.333-00;11/01/1993;33;M;alexandre-oliveira-sousa@vale.com;Vale Manganes - Corumba;MS;Brasil;Logistica e Ferrovia;Logistica;Analista de Processos;Analista;15/06/2004;22.0;CLT;Ativo;44;0;6079.77;12;Superior;Sim;Sim;3;Atende;Medio;Medio;Ensino medio completo;;VAL-0070
VAL-0047;Nelson Nunes Azevedo;815.922.279-04;06/01/1999;27;M;nelson-nunes-azevedo@vale.com;Complexo Minerador de Sossego - Paraueba;PA;Brasil;Logistica e Ferrovia;Logistica;Analista de Processos;Analista;09/07/2024;2.0;CLT;Ativo;44;0;6933.9;11;Intermediario;Sim;Nao;3;Atende;Baixo;Baixo;Ensino superior completo;;VAL-0070
VAL-0048;Sergio Moreira Nunes;462.686.391-05;26/09/1995;30;M;sergio-moreira-nunes@vale.com;Complexo de Mineracao de Carajas - Parauapebas;PA;Brasil;Ambiente e Sustentabilidade;Sustentabilidade;Tecnico de Laboratorio;Tecnico;25/05/2012;14.1;CLT;Ativo;44;8.0;6340.99;15;Superior;Sim;Sim;4;Supera;Medio;Baixo;Ensino superior completo;;VAL-0019
VAL-0049;Mariana Andrade Cardoso;289.714.632-08;02/09/1978;47;F;mariana-andrade-cardoso@vale.com;Vale Niquel - Moju;PA;Brasil;Tecnologia da Informacao;Corporativo;Especialista de Dados;Especialista;07/12/2021;4.6;CLT;Ativo;44;12.3;12683.92;4;Intermediario;Sim;Sim;2;Abaixo do esperado;Baixo;Medio;Ensino medio completo;;VAL-0021
VAL-0050;Sergio Andrade Santos;233.542.058-04;07/03/1991;35;M;sergio-andrade-santos@vale.com;Vale Ferrovia - Belo Horizonte;MG;Brasil;Logistica e Ferrovia;Logistica;Operador de Maquinas Moveis;Operacional;02/10/2022;3.7;CLT;Ativo;36;22.6;2597.53;0;Superior;Sim;Sim;1;Insatisfatorio;Baixo;Medio;Ensino medio completo;;VAL-0070
VAL-0051;Henrique Dias Cardoso;091.828.788-06;02/08/1977;48;M;henrique-dias-cardoso@vale.com;Vale Niquel - Moju;PA;Brasil;Mineracao de Cobre;Producao;Tecnico de Manutencao;Tecnico;04/07/2017;9.0;Terceirizado;Ativo;44;8.5;5253.26;12;Nao;Nao;Nao;3;Atende;Baixo;Baixo;Ensino superior completo;;VAL-0075
VAL-0052;Carla Batista Pereira;748.067.798-08;27/07/1966;59;F;carla-batista-pereira@vale.com;Complexo Minerador de Sossego - Paraueba;PA;Brasil;Projetos e Engenharia;Engenharia;Tecnico em Automacao;Tecnico;10/01/2010;16.5;CLT;Ativo;44;12.3;5368.15;15;Basico;Sim;Sim;4;Supera;Medio;Baixo;Ensino medio completo;;VAL-0086
VAL-0053;Thiago Rocha Ramos;141.290.110-00;25/03/1980;46;M;thiago-rocha-ramos@vale.com;Vale Alumina - Sao Luis;MA;Brasil;Mineracao de Ferro;Producao;Operador de Britagem;Operacional;25/09/2019;6.8;Estagio;Ativo;30;0.5;2994.27;9;Nao;Nao;Nao;3;Atende;Medio;Baixo;Ensino medio completo;;VAL-0095
VAL-0054;Marcelo Oliveira Mendes;588.149.548-06;21/02/1973;53;M;marcelo-oliveira-mendes@vale.com;Vale Base Metals - Voiseys Bay;NL;Canada;Logistica e Ferrovia;Logistica;Analista de Processos;Analista;04/07/2008;18.0;CLT;Ativo;44;0;6995.05;17;Intermediario;Sim;Sim;4;Supera;Alto;Baixo;Ensino superior completo;;VAL-0070
VAL-0055;Tatiana Pinto Barbosa;326.211.469-04;04/11/1993;32;F;tatiana-pinto-barbosa@vale.com;Complexo Minerador de Itabira - Itabira;MG;Brasil;Mineracao de Manganes;Producao;Gerente de Mineracao;Gerencia;31/05/2005;21.1;CLT;Ativo;44;4.6;23759.98;6;Basico;Sim;Sim;2;Abaixo do esperado;Baixo;Medio;Ensino medio completo;Pos-graduacao em Gestao;VAL-0095
VAL-0056;Alexandre Araujo Dias;841.610.014-07;20/11/1978;47;M;alexandre-araujo-dias@vale.com;Vale Ferrovia - Belo Horizonte;MG;Brasil;Logistica e Ferrovia;Logistica;Analista de Processos;Analista;27/08/2014;11.8;CLT;Ativo;44;8.0;7241.43;12;Superior;Sim;Sim;3;Atende;Medio;Baixo;Ensino medio completo;;VAL-0070
VAL-0057;Henrique Rocha Ferreira;031.341.757-00;13/07/1967;58;M;henrique-rocha-ferreira@vale.com;Vale Manganes - Corumba;MS;Brasil;Logistica e Ferrovia;Logistica;Tecnico de Manutencao;Tecnico;19/11/2004;21.6;CLT;Ativo;44;6.6;4880.04;9;Intermediario;Sim;Sim;3;Atende;Baixo;Medio;Ensino medio completo;;VAL-0070
VAL-0058;Otávio Araujo Campos;251.041.734-01;10/10/1974;51;M;otávio-araujo-campos@vale.com;Complexo Serra dos Carajas - Parauapebas;PA;Brasil;Mineracao de Ferro;Producao;Operador de Mineracao;Operacional;15/06/2017;9.0;CLT;Ativo;44;11.3;3061.98;15;Superior;Sim;Sim;4;Supera;Medio;Baixo;Ensino superior completo;;VAL-0095
VAL-0059;Emerson Almeida Freitas;529.472.406-00;13/03/1975;51;M;emerson-almeida-freitas@vale.com;Vale Base Metals - Voiseys Bay;NL;Canada;Energia;Suprimentos;Gerente de Planta;Gerencia;02/11/2021;4.7;CLT;Ativo;44;10.5;20055.59;15;Superior;Nao;Sim;4;Supera;Medio;Alto;Ensino medio completo;Pos-graduacao em Gestao;VAL-0095
VAL-0060;Ana Santos Borges;693.146.746-00;28/04/1995;31;F;ana-santos-borges@vale.com;Terminal Maritimo de Ponta de Ubu - Anchieta;ES;Brasil;Financeiro;Corporativo;Analista Financeiro;Analista;18/12/2015;10.5;CLT;Ativo;44;13.3;6614.43;15;Superior;Sim;Sim;4;Supera;Medio;Baixo;Ensino superior completo;;VAL-0034
VAL-0061;Thiago Borges Oliveira;267.744.841-05;10/09/1993;32;M;thiago-borges-oliveira@vale.com;Vale Maraba - Maraba;PA;Brasil;Energia;Suprimentos;Especialista em Geotecnia;Especialista;05/08/2013;12.9;CLT;Ativo;44;5.1;9590.62;15;Intermediario;Sim;Sim;4;Supera;Alto;Baixo;Ensino superior completo;;VAL-0059
VAL-0062;Leandro Vieira Ferreira;982.488.044-08;19/12/1977;48;M;leandro-vieira-ferreira@vale.com;Terminal Maritimo de Ponta de Ubu - Anchieta;ES;Brasil;Mineracao de Ferro;Producao;Tecnico de Mecanica;Operacional;10/09/2019;6.8;CLT;Ativo;44;15.5;3474.96;9;Nao;Nao;Sim;3;Atende;Baixo;Baixo;Ensino medio completo;;VAL-0095
VAL-0063;Fernanda Ferreira Araujo;442.350.098-03;15/03/1987;39;F;fernanda-ferreira-araujo@vale.com;Complexo Minerador de Ponta de Ubu - Anchieta;ES;Brasil;Recursos Humanos;Corporativo;Assistente Administrativo;Operacional;18/04/2010;16.2;Terceirizado;Ativo;44;2.6;2619.09;15;Nao;Nao;Nao;4;Supera;Alto;Baixo;Ensino medio completo;;VAL-0034
VAL-0064;Renato Ferreira Silva;787.810.991-00;10/01/1990;36;M;renato-ferreira-silva@vale.com;Vale Ferrovia - Belo Horizonte;MG;Brasil;Mineracao de Nickel;Producao;Tecnico em Automacao;Tecnico;23/04/2011;15.2;CLT;Ativo;44;19.2;5802.45;9;Intermediario;Nao;Sim;3;Atende;Medio;Baixo;Ensino fundamental incompleto;;VAL-0075
VAL-0065;Karina Batista Macedo;909.235.288-00;20/09/1981;44;F;karina-batista-macedo@vale.com;Complexo Minerador de Sossego - Paraueba;PA;Brasil;Recursos Humanos;Corporativo;Analista de RH;Analista;22/12/2015;10.5;CLT;Ativo;44;5.5;5201.0;22;Superior;Nao;Sim;5;Excepcional;Alto;Baixo;Ensino medio completo;;VAL-0034
VAL-0066;Daniel Freitas Oliveira;353.964.982-09;04/02/2003;23;M;daniel-freitas-oliveira@vale.com;Complexo Minerador de Ponta de Ubu - Anchieta;ES;Brasil;Energia;Suprimentos;Tecnico em Automacao;Tecnico;02/02/2004;22.4;CLT;Ativo;44;2.8;7010.7;15;Intermediario;Sim;Sim;4;Supera;Medio;Medio;Pos-graduacao;;VAL-0059
VAL-0067;Marcelo Cunha Correia;133.138.529-08;23/05/2000;26;M;marcelo-cunha-correia@vale.com;Vale Niquel - Moju;PA;Brasil;Mineracao de Ferro;Producao;Operador de Mineracao;Operacional;03/04/2007;19.2;CLT;Ativo;36;22.3;3520.25;9;Nao;Sim;Nao;3;Atende;Medio;Medio;Ensino medio completo;;VAL-0095
VAL-0068;Emerson Pereira Ramos;129.915.640-05;22/12/1994;31;M;emerson-pereira-ramos@vale.com;Vale Manganes - Corumba;MS;Brasil;Mineracao de Ferro;Producao;Operador de Britagem;Operacional;20/03/2021;5.3;CLT;Ativo;36;21.2;3056.39;4;Superior;Sim;Sim;2;Abaixo do esperado;Baixo;Medio;Ensino medio completo;;VAL-0095
VAL-0069;Gabriela Pereira Andrade;231.667.690-08;06/07/1987;38;F;gabriela-pereira-andrade@vale.com;Vale Niquel - Moju;PA;Brasil;Mineracao de Ferro;Producao;Tecnico de Manutencao;Tecnico;19/07/2004;21.9;CLT;Ativo;44;6.8;5493.25;9;Superior;Nao;Nao;3;Atende;Medio;Medio;Ensino superior completo;;VAL-0095
VAL-0070;Daniela Lima Macedo;574.129.122-08;26/04/1975;51;F;daniela-lima-macedo@vale.com;Vale Manganes - Corumba;MS;Brasil;Logistica e Ferrovia;Logistica;Gerente de Suprimentos;Gerencia;02/04/2018;8.2;CLT;Afastado sem vinculo;44;4.5;28189.92;11;Superior;Sim;Nao;3;Atende;Medio;Baixo;Ensino medio completo;MBA;VAL-0095
VAL-0071;Felipe Pinto Vieira;950.644.336-06;03/02/1983;43;M;felipe-pinto-vieira@vale.com;Complexo de Mineracao de Carajas - Parauapebas;PA;Brasil;Seguranca do Trabalho;Sustentabilidade;Especialista em Seguranca;Especialista;18/05/2014;12.1;CLT;Afastado por licenca maternidade;44;0;9900.85;15;Superior;Sim;Sim;4;Supera;Alto;Baixo;Ensino medio completo;;VAL-0012
VAL-0072;Nelson Silva Barbosa;951.655.633-06;25/12/2003;22;M;nelson-silva-barbosa@vale.com;Complexo de Mineracao de Carajas - Parauapebas;PA;Brasil;Energia;Suprimentos;Tecnico de Eletrica;Operacional;09/08/2013;12.9;CLT;Ativo;44;8.9;3773.03;15;Intermediario;Sim;Sim;4;Supera;Alto;Baixo;Ensino medio completo;;VAL-0059
VAL-0073;Priscila Oliveira Macedo;004.248.369-00;14/03/1990;36;F;priscila-oliveira-macedo@vale.com;Vale Manganes - Corumba;MS;Brasil;Suprimentos e Compras;Corporativo;Especialista de Contratos;Especialista;04/10/2017;8.7;CLT;Ativo;44;8.7;11875.83;25;Intermediario;Sim;Sim;5;Excepcional;Alto;Baixo;Ensino medio completo;;VAL-0034
VAL-0074;Karina Azevedo Freitas;135.011.978-06;24/04/1998;28;F;karina-azevedo-freitas@vale.com;Vale Alumina - Sao Luis;MA;Brasil;Recursos Humanos;Corporativo;Analista de RH;Analista;13/12/2005;20.5;CLT;Ativo;44;0;4883.35;9;Intermediario;Nao;Sim;3;Atende;Medio;Medio;Ensino medio completo;;VAL-0034
VAL-0075;Otávio Silva Macedo;533.613.144-07;05/02/1991;35;M;otávio-silva-macedo@vale.com;Vale Maraba - Maraba;PA;Brasil;Mineracao de Cobre;Producao;Coordenador de Operacoes;Coordenador;15/02/2018;8.4;Contrato por prazo;Ativo;44;9.8;15880.64;25;Nao;Nao;Nao;5;Excepcional;Alto;Baixo;Ensino superior completo;Pos-graduacao em Gestao;VAL-0055
VAL-0076;Yasmin Moreira Almeida;196.913.452-02;02/03/1996;30;F;yasmin-moreira-almeida@vale.com;Vale Ferrovia - Belo Horizonte;MG;Brasil;Suprimentos e Compras;Corporativo;Analista de Suprimentos;Analista;13/01/2019;7.5;CLT;Ativo;44;0;6571.32;9;Intermediario;Sim;Sim;3;Atende;Baixo;Baixo;Ensino superior completo;;VAL-0034
VAL-0077;Felipe Costa Ferreira;290.309.143-07;15/09/1993;32;M;felipe-costa-ferreira@vale.com;Vale Maraba - Maraba;PA;Brasil;Mineracao de Manganes;Producao;Analista de Processos;Analista;25/12/2015;10.5;Contrato por prazo;Ativo;44;15.1;6178.73;15;Nao;Nao;Nao;4;Supera;Medio;Baixo;Ensino medio completo;;VAL-0055
VAL-0078;Joao Ramos Teixeira;925.422.156-05;28/06/1993;33;M;joao-ramos-teixeira@vale.com;Vale Ferrovia - Belo Horizonte;MG;Brasil;Mineracao de Cobre;Producao;Tecnico de Manutencao;Tecnico;05/05/2010;16.2;CLT;Ativo;44;12.0;6593.68;24;Basico;Nao;Sim;5;Excepcional;Medio;Baixo;Ensino medio completo;;VAL-0075
VAL-0079;Igor Andrade Rocha;304.369.333-08;28/02/1972;54;M;igor-andrade-rocha@vale.com;Complexo Minerador de Sossego - Paraueba;PA;Brasil;Mineracao de Manganes;Producao;Tecnico de Eletrica;Operacional;27/10/2011;14.7;CLT;Afastado por afastamento medico;44;5.8;2960.98;15;Superior;Nao;Sim;4;Supera;Alto;Baixo;Ensino medio completo;;VAL-0055
VAL-0080;Daniel Ferreira Moreira;378.716.200-04;18/12/1994;31;M;daniel-ferreira-moreira@vale.com;Vale Base Metals - Voiseys Bay;NL;Canada;Ambiente e Sustentabilidade;Sustentabilidade;Especialista em Seguranca;Especialista;18/02/2015;11.4;CLT;Ativo;44;10.5;9343.95;9;Superior;Sim;Sim;3;Atende;Medio;Baixo;Ensino superior completo;;VAL-0019
VAL-0081;Andre Carvalho Andrade;828.321.818-00;25/02/1970;56;M;andre-carvalho-andrade@vale.com;Complexo Minerador de Sossego - Paraueba;PA;Brasil;Suprimentos e Compras;Corporativo;Assistente Administrativo;Operacional;18/03/2010;16.3;CLT;Ativo;44;0;2634.96;15;Basico;Sim;Sim;4;Supera;Alto;Baixo;Pos-graduacao;;VAL-0034
VAL-0082;Felipe Vieira Oliveira;597.411.239-00;14/11/2003;22;M;felipe-vieira-oliveira@vale.com;Vale Maraba - Maraba;PA;Brasil;Portos e Navegacao;Logistica;Tecnico em Automacao;Tecnico;19/10/2008;17.7;CLT;Ativo;44;7.0;6082.45;17;Intermediario;Sim;Nao;4;Supera;Medio;Baixo;Ensino medio completo;;VAL-0020
VAL-0083;Gustavo Barbosa Rocha;043.875.989-01;06/06/2000;26;M;gustavo-barbosa-rocha@vale.com;Vale Alumina - Sao Luis;MA;Brasil;Mineracao de Ferro;Producao;Tecnico de Manutencao;Tecnico;17/10/2012;13.7;CLT;Ativo;44;6.6;4999.84;12;Basico;Sim;Sim;3;Atende;Baixo;Baixo;Ensino fundamental incompleto;;VAL-0095
VAL-0084;Nelson Barbosa Dias;920.595.713-02;07/10/2000;25;M;nelson-barbosa-dias@vale.com;Vale Base Metals - Sudbury;ON;Canada;Mineracao de Ferro;Producao;Tecnico de Manutencao;Tecnico;25/10/2024;1.7;CLT;Afastado por licenca maternidade;44;3.7;22846.59;9;Superior;Sim;Sim;3;Atende;Medio;Baixo;Ensino superior completo;;VAL-0095
VAL-0085;Isabela Nunes Freitas;050.318.605-03;18/01/1979;47;F;isabela-nunes-freitas@vale.com;Complexo Serra dos Carajas - Parauapebas;PA;Brasil;Projetos e Engenharia;Engenharia;Tecnico em Automacao;Tecnico;05/07/2025;1.0;Estagio;Ativo;30;3.8;6471.18;22;Nao;Nao;Nao;5;Excepcional;Medio;Baixo;Ensino fundamental incompleto;;VAL-0086
VAL-0086;Marcos Oliveira Moreira;246.427.801-08;04/07/2002;23;M;marcos-oliveira-moreira@vale.com;Vale Base Metals - Sudbury;ON;Canada;Projetos e Engenharia;Engenharia;Gerente de Mineracao;Gerencia;29/01/2013;13.4;CLT;Ativo;44;4.6;21912.19;9;Superior;Nao;Sim;3;Atende;Medio;Baixo;Ensino medio completo;Pos-graduacao em Gestao;VAL-0095
VAL-0087;Emerson Dias Lima;019.114.839-06;19/08/1991;34;M;emerson-dias-lima@vale.com;Vale Alumina - Sao Luis;MA;Brasil;Portos e Navegacao;Logistica;Tecnico em Automacao;Tecnico;26/11/2018;7.6;CLT;Ativo;44;16.1;3988.95;17;Superior;Sim;Sim;4;Supera;Medio;Baixo;Pos-graduacao;;VAL-0020
VAL-0088;Vinicius Martins Freitas;335.387.421-09;21/04/1967;59;M;vinicius-martins-freitas@vale.com;Complexo de Mineracao de Carajas - Parauapebas;PA;Brasil;Ambiente e Sustentabilidade;Sustentabilidade;Assistente Administrativo;Operacional;30/09/2016;9.7;CLT;Ativo;44;0;2675.91;11;Nao;Sim;Sim;3;Atende;Medio;Baixo;Ensino medio completo;;VAL-0019
VAL-0089;Leandro Lima Correia;731.287.407-05;17/01/1968;58;M;leandro-lima-correia@vale.com;Vale Ferrovia - Belo Horizonte;MG;Brasil;Mineracao de Ferro;Producao;Tecnico de Manutencao;Tecnico;15/10/2016;9.7;CLT;Ativo;44;16.2;5878.57;15;Superior;Sim;Sim;4;Supera;Medio;Baixo;Ensino medio completo;;VAL-0095
VAL-0090;Daniel Costa Pinto;707.360.654-06;24/12/2000;25;M;daniel-costa-pinto@vale.com;Complexo Minerador de Ponta de Ubu - Anchieta;ES;Brasil;Mineracao de Cobre;Producao;Operador de Britagem;Operacional;12/12/2012;13.5;CLT;Ativo;36;7.4;2517.38;15;Superior;Sim;Sim;4;Supera;Medio;Baixo;Ensino medio completo;;VAL-0075
VAL-0091;Vanessa Martins Correia;425.672.956-00;15/11/1975;50;F;vanessa-martins-correia@vale.com;Vale Manganes - Corumba;MS;Brasil;Suprimentos e Compras;Corporativo;Especialista de Contratos;Especialista;29/03/2009;17.3;CLT;Ativo;44;8.9;10574.9;24;Intermediario;Nao;Sim;5;Excepcional;Alto;Baixo;Pos-graduacao;;VAL-0034
VAL-0092;Helena Sousa Silva;511.530.362-04;16/05/2002;24;F;helena-sousa-silva@vale.com;Vale Base Metals - Sudbury;ON;Canada;Logistica e Ferrovia;Logistica;Analista de Processos;Analista;09/12/2024;1.6;CLT;Ativo;44;13.4;5071.28;7;Superior;Sim;Sim;2;Abaixo do esperado;Baixo;Medio;Ensino fundamental incompleto;;VAL-0070
VAL-0093;Rafaela Oliveira Vieira;110.663.209-00;02/08/1995;30;F;rafaela-oliveira-vieira@vale.com;Complexo Minerador de Tubarao - Caete;MG;Brasil;Suprimentos e Compras;Corporativo;Especialista de Contratos;Especialista;30/05/2009;17.1;CLT;Ativo;44;0;10469.95;15;Superior;Sim;Sim;4;Supera;Medio;Baixo;Ensino medio completo;;VAL-0034
VAL-0094;Felipe Dias Pereira;925.969.977-08;21/10/1975;50;M;felipe-dias-pereira@vale.com;Complexo de Mineracao de Carajas - Parauapebas;PA;Brasil;Mineracao de Ferro;Producao;Tecnico de Mecanica;Operacional;27/04/2019;7.2;CLT;Ativo;36;14.9;3596.11;17;Intermediario;Sim;Sim;4;Supera;Medio;Baixo;Ensino medio completo;;VAL-0095
VAL-0095;Larissa Ramos Nunes;681.521.249-06;17/07/1983;42;F;larissa-ramos-nunes@vale.com;Vale Ferrovia - Belo Horizonte;MG;Brasil;Mineracao de Ferro;Producao;Diretor de Operacoes;Diretoria;08/12/2014;11.6;Estagio;Ativo;30;4.5;48492.84;7;Nao;Nao;Nao;2;Abaixo do esperado;Baixo;Medio;Ensino superior completo;;
VAL-0096;Yasmin Barbosa Cardoso;565.418.679-01;03/11/1980;45;F;yasmin-barbosa-cardoso@vale.com;Vale Ferrovia - Belo Horizonte;MG;Brasil;Portos e Navegacao;Logistica;Tecnico em Automacao;Tecnico;24/12/2005;20.5;CLT;Afastado por afastamento medico;44;3.0;5909.08;15;Superior;Sim;Sim;4;Supera;Alto;Medio;Ensino medio completo;;VAL-0020
VAL-0097;Priscila Barbosa Lima;582.837.687-09;17/02/1971;55;F;priscila-barbosa-lima@vale.com;Complexo de Mineracao de Carajas - Parauapebas;PA;Brasil;Logistica e Ferrovia;Logistica;Analista de Processos;Analista;05/09/2021;4.8;Terceirizado;Ativo;44;7.2;5759.22;6;Nao;Nao;Nao;2;Abaixo do esperado;Baixo;Medio;Ensino superior completo;;VAL-0070
VAL-0098;Leandro Martins Nunes;483.175.557-06;02/04/2000;26;M;leandro-martins-nunes@vale.com;Vale Manganes - Corumba;MS;Brasil;Energia;Suprimentos;Tecnico de Eletrica;Operacional;01/03/2010;16.3;Terceirizado;Ativo;36;17.3;3385.54;15;Nao;Nao;Nao;4;Supera;Alto;Baixo;Ensino medio completo;;VAL-0059
VAL-0099;Sergio Nunes Ribeiro;379.808.880-09;18/11/2003;22;M;sergio-nunes-ribeiro@vale.com;Complexo Minerador de Sossego - Paraueba;PA;Brasil;Recursos Humanos;Corporativo;Assistente Administrativo;Operacional;26/07/2007;18.9;CLT;Ativo;44;0;2719.54;12;Superior;Nao;Sim;3;Atende;Medio;Medio;Ensino medio completo;;VAL-0034
VAL-0100;Sergio Oliveira Almeida;906.573.403-05;27/07/1968;57;M;sergio-oliveira-almeida@vale.com;Complexo Minerador de Itabira - Itabira;MG;Brasil;Mineracao de Ferro;Producao;Tecnico de Mecanica;Operacional;09/03/2008;18.3;CLT;Ativo;36;0;3033.14;6;Intermediario;Sim;Sim;2;Abaixo do esperado;Baixo;Medio;Ensino superior completo;;VAL-0095
